DriverNumber,BroadcastName,Abbreviation,DriverId,TeamName,TeamColor,TeamId,FirstName,LastName,FullName,HeadshotUrl,CountryCode,Position,ClassifiedPosition,GridPosition,Q1,Q2,Q3,Time,Status,Points
33,M VERSTAPPEN,VER,,Red Bull Racing,1E41FF,,Max,Verstappen,Max Verstappen,https://www.formula1.com/content/dam/fom-website/drivers/M/MAXVER01_Max_Verstappen/maxver01.png.transform/1col/image.png,,,,,,,,,,
77,V BOTTAS,BOT,,Mercedes,00D2BE,,Valtteri,Bottas,Valtteri Bottas,https://www.formula1.com/content/dam/fom-website/drivers/V/VALBOT01_Valtteri_Bottas/valbot01.png.transform/1col/image.png,,,,,,,,,,
44,L HAMILTON,HAM,,Mercedes,00D2BE,,Lewis,Hamilton,Lewis Hamilton,https://www.formula1.com/content/dam/fom-website/drivers/L/LEWHAM01_Lewis_Hamilton/lewham01.png.transform/1col/image.png,,,,,,,,,,
4,L NORRIS,NOR,,McLaren,FF8700,,Lando,Norris,Lando Norris,https://www.formula1.com/content/dam/fom-website/drivers/L/LANNOR01_Lando_Norris/lannor01.png.transform/1col/image.png,,,,,,,,,,
23,A ALBON,ALB,,Red Bull Racing,1E41FF,,Alexander,Albon,Alexander Albon,https://www.formula1.com/content/dam/fom-website/drivers/A/ALEALB01_Alexander_Albon/alealb01.png.transform/1col/image.png,,,,,,,,,,
55,C SAINZ,SAI,,McLaren,FF8700,,Carlos,Sainz,Carlos Sainz,https://www.formula1.com/content/dam/fom-website/drivers/C/CARSAI01_Carlos_Sainz/carsai01.png.transform/1col/image.png,,,,,,,,,,
26,D KVYAT,KVY,,AlphaTauri,ffffff,,Daniil,Kvyat,Daniil Kvyat,https://www.formula1.com/content/dam/fom-website/drivers/D/DANKVY01_Daniil_Kvyat/dankvy01.png.transform/1col/image.png,,,,,,,,,,
18,L STROLL,STR,,Racing Point,F596C8,,Lance,Stroll,Lance Stroll,https://www.formula1.com/content/dam/fom-website/drivers/L/LANSTR01_Lance_Stroll/lanstr01.png.transform/1col/image.png,,,,,,,,,,
10,P GASLY,GAS,,AlphaTauri,ffffff,,Pierre,Gasly,Pierre Gasly,https://www.formula1.com/content/dam/fom-website/drivers/P/PIEGAS01_Pierre_Gasly/piegas01.png.transform/1col/image.png,,,,,,,,,,
31,E OCON,OCO,,Renault,FFF500,,Esteban,Ocon,Esteban Ocon,https://www.formula1.com/content/dam/fom-website/drivers/E/ESTOCO01_Esteban_Ocon/estoco01.png.transform/1col/image.png,,,,,,,,,,
3,D RICCIARDO,RIC,,Renault,FFF500,,Daniel,Ricciardo,Daniel Ricciardo,https://www.formula1.com/content/dam/fom-website/drivers/D/DANRIC01_Daniel_Ricciardo/danric01.png.transform/1col/image.png,,,,,,,,,,
16,C LECLERC,LEC,,Ferrari,DC0000,,Charles,Leclerc,Charles Leclerc,https://www.formula1.com/content/dam/fom-website/drivers/C/CHALEC01_Charles_Leclerc/chalec01.png.transform/1col/image.png,,,,,,,,,,
5,S VETTEL,VET,,Ferrari,DC0000,,Sebastian,Vettel,Sebastian Vettel,https://www.formula1.com/content/dam/fom-website/drivers/S/SEBVET01_Sebastian_Vettel/sebvet01.png.transform/1col/image.png,,,,,,,,,,
99,A GIOVINAZZI,GIO,,Alfa Romeo Racing,9B0000,,Antonio,Giovinazzi,Antonio Giovinazzi,https://www.formula1.com/content/dam/fom-website/drivers/A/ANTGIO01_Antonio_Giovinazzi/antgio01.png.transform/1col/image.png,,,,,,,,,,
7,K RAIKKONEN,RAI,,Alfa Romeo Racing,9B0000,,Kimi,Räikkönen,Kimi Räikkönen,https://www.formula1.com/content/dam/fom-website/drivers/K/KIMRAI01_Kimi_R%C3%A4ikk%C3%B6nen/kimrai01.png.transform/1col/image.png,,,,,,,,,,
63,G RUSSELL,RUS,,Williams,0082fa,,George,Russell,George Russell,https://www.formula1.com/content/dam/fom-website/drivers/G/GEORUS01_George_Russell/georus01.png.transform/1col/image.png,,,,,,,,,,
51,P FITTIPALDI,FIT,,Haas F1 Team,787878,,Pietro,Fittipaldi,Pietro Fittipaldi,None,,,,,,,,,,
6,N LATIFI,LAT,,Williams,0082fa,,Nicholas,Latifi,Nicholas Latifi,https://www.formula1.com/content/dam/fom-website/drivers/N/NICLAF01_Nicholas_Latifi/niclaf01.png.transform/1col/image.png,,,,,,,,,,
11,S PEREZ,PER,,Racing Point,F596C8,,Sergio,Perez,Sergio Perez,https://www.formula1.com/content/dam/fom-website/drivers/S/SERPER01_Sergio_Perez/serper01.png.transform/1col/image.png,,,,,,,,,,
20,K MAGNUSSEN,MAG,,Haas F1 Team,787878,,Kevin,Magnussen,Kevin Magnussen,https://www.formula1.com/content/dam/fom-website/drivers/K/KEVMAG01_Kevin_Magnussen/kevmag01.png.transform/1col/image.png,,,,,,,,,,
